city,avg_population,avg_median_income,count
New York,8536173.333333334,69853.66666666667,3
Los Angeles,3952909.0,63879.333333333336,3
Chicago,2715452.6666666665,58846.0,3
